,id,sex,dataset
0,14,F,train-clean-360
1,16,F,train-clean-360
2,17,M,train-clean-360
3,19,F,train-clean-100
4,20,F,train-other-500
5,22,F,train-clean-360
6,23,F,train-clean-360
7,25,M,train-other-500
8,26,M,train-clean-100
9,27,M,train-clean-100
10,28,F,train-clean-360
11,29,M,train-other-500
12,30,F,train-clean-360
13,31,M,train-other-500
14,32,F,train-clean-100
15,36,M,train-other-500
16,37,M,train-other-500
17,38,M,train-clean-360
18,39,F,train-clean-100
19,40,F,train-clean-100
20,44,F,train-other-500
21,45,F,train-other-500
22,46,M,train-other-500
23,47,F,train-other-500
24,49,M,train-other-500
25,51,M,train-other-500
26,52,F,train-other-500
27,54,F,train-clean-360
28,55,M,train-clean-360
29,56,F,train-clean-360
30,57,F,train-other-500
31,58,M,train-other-500
32,60,M,train-clean-100
33,61,M,test-clean
34,62,M,train-other-500
35,64,F,train-clean-360
36,65,F,train-other-500
37,66,M,train-other-500
38,70,M,train-clean-360
39,75,M,train-other-500
40,77,F,train-other-500
41,78,M,train-clean-100
42,79,F,train-clean-360
43,81,M,train-clean-360
44,82,F,train-other-500
45,83,F,train-clean-100
46,84,F,dev-clean
47,85,M,train-other-500
48,87,F,train-clean-100
49,89,F,train-clean-100
50,90,M,train-clean-360
51,91,M,train-other-500
52,92,F,train-other-500
53,93,F,train-clean-360
54,94,M,train-other-500
55,98,F,train-clean-360
56,100,F,train-clean-360
57,101,M,train-clean-360
58,102,F,train-other-500
59,103,F,train-clean-100
60,104,F,train-other-500
61,107,M,train-other-500
62,110,F,train-other-500
63,111,F,train-other-500
64,112,F,train-clean-360
65,114,F,train-clean-360
66,115,F,train-clean-360
67,116,M,dev-other
68,118,M,train-clean-100
69,119,M,train-clean-360
70,121,F,test-clean
71,122,M,train-clean-360
72,123,F,train-other-500
73,125,F,train-clean-100
74,126,F,train-clean-360
75,127,M,train-other-500
76,128,M,train-other-500
77,133,M,train-other-500
78,147,M,train-other-500
79,149,M,train-other-500
80,150,F,train-clean-100
81,151,F,train-other-500
82,152,M,train-other-500
83,153,M,train-other-500
84,154,M,train-clean-360
85,157,M,train-clean-360
86,159,M,train-clean-360
87,161,M,train-other-500
88,163,M,train-clean-100
89,166,F,train-clean-360
90,167,M,train-other-500
91,168,M,train-other-500
92,173,F,train-other-500
93,174,M,dev-clean
94,175,F,train-clean-360
95,176,M,train-clean-360
96,177,F,train-other-500
97,188,F,train-clean-360
98,192,F,train-clean-360
99,196,M,train-clean-100
100,198,F,train-clean-100
101,199,F,train-other-500
102,200,F,train-clean-100
103,201,M,train-clean-100
104,202,F,train-other-500
105,203,F,train-clean-360
106,204,M,train-clean-360
107,205,F,train-clean-360
108,207,M,train-clean-360
109,208,F,train-clean-360
110,209,F,train-clean-360
111,210,M,train-clean-360
112,211,F,train-clean-100
113,215,F,train-other-500
114,216,M,train-clean-360
115,217,F,train-clean-360
116,218,M,train-other-500
117,224,F,train-clean-360
118,225,F,train-clean-360
119,226,F,train-clean-100
120,227,F,train-clean-360
121,228,F,train-other-500
122,229,M,train-clean-100
123,231,M,train-clean-360
124,233,M,train-clean-100
125,237,F,test-clean
126,238,F,train-other-500
127,240,M,train-clean-360
128,242,F,train-clean-360
129,243,F,train-other-500
130,245,M,train-other-500
131,246,F,train-clean-360
132,248,F,train-clean-100
133,249,M,train-clean-360
134,250,F,train-clean-100
135,251,M,dev-clean
136,252,M,train-other-500
137,253,M,train-other-500
138,254,M,train-clean-100
139,255,M,train-other-500
140,258,M,train-clean-360
141,260,M,test-clean
142,263,M,train-other-500
143,264,M,train-other-500
144,265,M,train-other-500
145,272,M,train-clean-360
146,273,M,train-other-500
147,274,F,train-clean-360
148,277,F,train-other-500
149,278,F,train-clean-360
150,283,M,train-other-500
151,288,F,train-clean-360
152,289,F,train-clean-100
153,294,F,train-other-500
154,296,M,train-clean-360
155,298,F,train-clean-100
156,302,F,train-clean-100
157,303,M,train-clean-360
158,307,M,train-clean-100
159,310,F,train-other-500
160,311,M,train-clean-100
161,313,F,train-other-500
162,317,M,train-other-500
163,318,F,train-clean-360
164,319,M,train-other-500
165,322,F,train-clean-100
166,323,F,train-clean-360
167,328,F,train-clean-100
168,329,M,train-clean-360
169,331,M,train-other-500
170,332,M,train-clean-100
171,335,M,train-clean-360
172,336,M,train-other-500
173,337,F,train-clean-360
174,339,F,train-clean-360
175,340,M,train-clean-360
176,345,M,train-clean-360
177,348,M,train-other-500
178,353,M,train-clean-360
179,359,M,train-clean-360
180,362,F,train-clean-360
181,365,M,train-other-500
182,366,F,train-other-500
183,367,F,test-other
184,369,M,train-clean-360
185,373,F,train-clean-360
186,374,M,train-clean-100
187,377,M,train-other-500
188,380,F,train-clean-360
189,392,F,train-other-500
190,398,M,train-clean-360
191,402,F,train-other-500
192,403,F,train-clean-100
193,404,F,train-other-500
194,405,M,train-clean-100
195,408,F,train-clean-360
196,409,M,train-clean-360
197,412,M,train-clean-100
198,413,M,train-other-500
199,421,M,train-other-500
200,422,M,dev-clean
201,426,F,train-clean-100
202,428,M,train-other-500
203,432,M,train-other-500
204,434,F,train-clean-360
205,439,M,train-clean-360
206,441,F,train-clean-100
207,444,F,train-other-500
208,445,M,train-clean-100
209,446,M,train-clean-100
210,448,F,train-other-500
211,451,F,train-clean-360
212,453,M,train-other-500
213,454,M,train-clean-360
214,458,M,train-clean-100
215,459,M,train-clean-360
216,460,M,train-clean-100
217,464,M,train-clean-360
218,466,F,train-other-500
219,470,M,train-other-500
220,472,F,train-clean-360
221,474,M,train-other-500
222,475,M,train-clean-360
223,476,M,train-clean-360
224,479,F,train-clean-360
225,480,M,train-clean-360
226,481,M,train-clean-100
227,483,F,train-other-500
228,487,M,train-clean-360
229,489,F,train-other-500
230,492,M,train-clean-360
231,497,M,train-clean-360
232,500,M,train-clean-360
233,501,M,train-clean-360
234,505,M,train-other-500
235,510,M,train-clean-360
236,511,M,train-clean-360
237,512,M,train-clean-360
238,517,M,train-other-500
239,525,F,train-clean-360
240,533,F,test-other
241,534,F,train-clean-360
242,542,M,train-other-500
243,543,M,train-clean-360
244,544,M,train-other-500
245,548,M,train-clean-360
246,549,F,train-clean-360
247,551,M,train-other-500
248,557,M,train-other-500
249,559,M,train-clean-360
250,561,M,train-clean-360
251,567,M,train-other-500
252,568,M,train-other-500
253,569,M,train-other-500
254,572,M,train-other-500
255,576,F,train-clean-360
256,580,M,train-clean-360
257,581,M,train-clean-360
258,583,M,train-clean-360
259,584,F,train-other-500
260,585,F,train-other-500
261,587,F,train-clean-100
262,589,F,train-clean-360
263,593,M,train-clean-360
264,594,M,train-clean-360
265,596,F,train-clean-360
266,597,F,train-clean-360
267,598,F,train-clean-360
268,606,M,train-clean-360
269,608,F,train-other-500
270,612,F,train-clean-360
271,613,M,train-other-500
272,614,F,train-other-500
273,622,M,train-other-500
274,625,M,train-clean-100
275,636,F,train-clean-360
276,637,M,train-clean-360
277,639,M,train-clean-360
278,644,M,train-other-500
279,652,M,dev-clean
280,663,M,train-clean-360
281,664,F,train-clean-360
282,666,F,train-clean-360
283,667,F,train-clean-360
284,669,F,train-clean-100
285,671,M,train-clean-360
286,672,M,test-clean
287,679,M,train-other-500
288,681,F,train-other-500
289,684,F,train-other-500
290,688,F,train-clean-360
291,690,F,train-other-500
292,696,F,train-clean-100
293,698,F,train-clean-360
294,699,F,train-clean-360
295,700,F,dev-other
296,705,F,train-other-500
297,707,M,train-clean-360
298,708,M,train-clean-360
299,711,M,train-clean-360
300,712,M,train-other-500
301,713,F,train-other-500
302,716,M,train-clean-360
303,718,M,train-clean-360
304,720,M,train-other-500
305,724,M,train-clean-360
306,726,M,train-other-500
307,727,M,train-other-500
308,728,M,train-other-500
309,730,F,train-clean-100
310,731,F,train-clean-360
311,737,M,train-other-500
312,742,M,train-other-500
313,753,M,train-other-500
314,764,M,train-clean-360
315,766,M,train-other-500
316,770,M,train-clean-360
317,774,F,train-other-500
318,777,M,dev-clean
319,778,M,train-other-500
320,779,M,train-other-500
321,780,M,train-other-500
322,781,M,train-clean-360
323,782,F,train-other-500
324,783,F,train-clean-360
325,789,F,train-other-500
326,791,M,train-other-500
327,792,F,train-other-500
328,797,M,train-other-500
329,803,M,train-clean-360
330,806,M,train-clean-360
331,807,M,train-other-500
332,810,M,train-other-500
333,811,F,train-other-500
334,815,M,train-clean-360
335,816,M,train-clean-360
336,820,M,train-clean-360
337,826,M,train-other-500
338,829,F,train-clean-360
339,830,F,train-clean-360
340,831,M,train-clean-100
341,834,F,train-clean-360
342,835,M,train-clean-360
343,836,M,train-clean-360
344,839,M,train-clean-100
345,844,F,train-other-500
346,845,M,train-other-500
347,846,M,train-other-500
348,850,M,train-clean-360
349,851,M,train-other-500
350,868,M,train-clean-360
351,876,F,train-other-500
352,882,F,train-clean-360
353,884,M,train-other-500
354,886,M,train-other-500
355,887,F,train-clean-100
356,895,M,train-other-500
357,899,M,train-clean-360
358,908,M,test-clean
359,909,M,train-clean-100
360,911,M,train-clean-100
361,915,M,train-other-500
362,920,F,train-clean-360
363,921,M,train-other-500
364,922,M,train-clean-360
365,923,F,train-other-500
366,925,F,train-clean-360
367,927,M,train-other-500
368,937,F,train-other-500
369,948,F,train-clean-360
370,949,M,train-clean-360
371,951,F,train-other-500
372,953,M,train-clean-360
373,954,M,train-clean-360
374,956,F,train-other-500
375,957,M,train-clean-360
376,960,F,train-other-500
377,964,M,train-other-500
378,968,F,train-clean-360
379,969,M,train-other-500
380,976,F,train-other-500
381,978,M,train-other-500
382,979,F,train-clean-360
383,982,M,train-other-500
384,984,M,train-clean-360
385,985,M,train-other-500
386,986,M,train-clean-360
387,1001,M,train-clean-360
388,1006,F,train-other-500
389,1012,F,train-clean-360
390,1018,M,train-clean-360
391,1025,M,train-clean-360
392,1027,M,train-clean-360
393,1028,M,train-clean-360
394,1031,F,train-clean-360
395,1034,M,train-clean-100
396,1040,M,train-clean-100
397,1046,M,train-clean-360
398,1049,M,train-other-500
399,1050,F,train-clean-360
400,1051,F,train-other-500
401,1052,F,train-clean-360
402,1053,F,train-clean-360
403,1054,F,train-clean-360
404,1058,M,train-clean-360
405,1060,F,train-clean-360
406,1061,F,train-clean-360
407,1065,M,train-other-500
408,1066,F,train-clean-360
409,1069,F,train-clean-100
410,1079,F,train-clean-360
411,1081,M,train-clean-100
412,1084,F,train-other-500
413,1085,M,train-other-500
414,1088,F,train-clean-100
415,1089,M,test-clean
416,1092,F,train-other-500
417,1093,F,train-clean-360
418,1094,M,train-other-500
419,1096,M,train-other-500
420,1097,M,train-other-500
421,1098,F,train-clean-100
422,1100,F,train-clean-360
423,1107,M,train-other-500
424,1110,M,train-other-500
425,1112,M,train-clean-360
426,1116,F,train-clean-100
427,1121,M,train-clean-360
428,1124,F,train-other-500
429,1132,M,train-other-500
430,1152,F,train-other-500
431,1154,F,train-other-500
432,1160,M,train-clean-360
433,1161,M,train-other-500
434,1165,M,train-clean-360
435,1166,F,train-other-500
436,1168,F,train-other-500
437,1171,F,train-other-500
438,1175,M,train-clean-360
439,1179,M,train-other-500
440,1182,M,train-clean-360
441,1183,F,train-clean-100
442,1184,M,train-other-500
443,1187,M,train-other-500
444,1188,M,test-clean
445,1195,F,train-clean-360
446,1200,M,train-other-500
447,1212,F,train-clean-360
448,1221,F,test-clean
449,1222,M,train-clean-360
450,1224,F,train-clean-360
451,1225,M,train-other-500
452,1226,M,train-clean-360
453,1230,M,train-other-500
454,1235,M,train-clean-100
455,1239,M,train-other-500
456,1241,F,train-clean-360
457,1246,F,train-clean-100
458,1250,F,train-other-500
459,1252,F,train-other-500
460,1255,M,dev-other
461,1258,M,train-other-500
462,1259,F,train-clean-360
463,1260,M,train-other-500
464,1261,M,train-other-500
465,1263,F,train-clean-100
466,1264,M,train-clean-360
467,1265,M,train-clean-360
468,1266,F,train-other-500
469,1271,M,train-clean-360
470,1272,M,dev-clean
471,1274,M,train-other-500
472,1280,M,train-other-500
473,1283,M,train-clean-360
474,1284,F,test-clean
475,1289,F,train-clean-360
476,1290,F,train-clean-360
477,1291,F,train-other-500
478,1296,F,train-clean-360
479,1298,F,train-other-500
480,1311,M,train-clean-360
481,1313,M,train-clean-360
482,1316,M,train-clean-360
483,1320,M,test-clean
484,1322,M,train-clean-360
485,1323,M,train-clean-360
486,1331,M,train-other-500
487,1334,M,train-clean-100
488,1335,F,train-clean-360
489,1336,M,train-clean-360
490,1337,M,train-clean-360
491,1341,M,train-other-500
492,1342,F,train-other-500
493,1343,F,train-clean-360
494,1347,M,train-other-500
495,1348,F,train-clean-360
496,1349,M,train-clean-360
497,1353,M,train-other-500
498,1355,M,train-clean-100
499,1363,F,train-clean-100
500,1365,M,train-clean-360
501,1367,M,train-other-500
502,1370,F,train-other-500
503,1373,F,train-other-500
504,1374,M,train-other-500
505,1379,M,train-clean-360
506,1382,F,train-clean-360
507,1383,M,train-clean-360
508,1384,M,train-other-500
509,1387,M,train-clean-360
510,1390,F,train-clean-360
511,1392,M,train-clean-360
512,1401,F,train-clean-360
513,1403,M,train-other-500
514,1413,M,train-clean-360
515,1414,F,train-other-500
516,1417,F,train-clean-360
517,1421,F,train-other-500
518,1422,F,train-clean-360
519,1425,F,train-clean-360
520,1430,M,train-other-500
521,1444,M,train-other-500
522,1445,M,train-clean-360
523,1446,M,train-clean-360
524,1447,F,train-clean-100
525,1448,F,train-clean-360
526,1455,M,train-clean-100
527,1456,M,train-clean-360
528,1460,F,train-clean-360
529,1462,F,dev-clean
530,1463,F,train-clean-360
531,1469,M,train-other-500
532,1472,F,train-clean-360
533,1473,M,train-clean-360
534,1474,F,train-other-500
535,1482,M,train-clean-360
536,1485,M,train-other-500
537,1487,M,train-clean-360
538,1492,M,train-other-500
539,1494,M,train-other-500
540,1495,M,train-other-500
541,1498,F,train-clean-360
542,1502,F,train-clean-100
543,1505,M,train-other-500
544,1509,F,train-clean-360
545,1513,M,train-clean-360
546,1535,M,train-clean-360
547,1536,M,train-clean-360
548,1544,F,train-other-500
549,1545,F,train-other-500
550,1547,F,train-clean-360
551,1552,M,train-clean-360
552,1553,F,train-clean-100
553,1556,M,train-clean-360
554,1559,M,train-other-500
555,1563,F,train-other-500
556,1564,F,train-other-500
557,1566,F,train-other-500
558,1569,F,train-other-500
559,1571,M,train-clean-360
560,1572,M,train-other-500
561,1578,F,train-clean-100
562,1579,F,train-other-500
563,1580,F,test-clean
564,1585,F,dev-other
565,1593,F,train-other-500
566,1594,M,train-clean-100
567,1595,M,train-other-500
568,1601,M,train-other-500
569,1603,M,train-clean-360
570,1607,M,train-clean-360
571,1614,M,train-other-500
572,1618,M,train-other-500
573,1621,M,train-other-500
574,1624,M,train-clean-100
575,1629,F,train-clean-360
576,1630,F,dev-other
577,1633,F,train-other-500
578,1634,M,train-clean-360
579,1636,F,train-other-500
580,1638,M,train-clean-360
581,1639,M,train-clean-360
582,1641,F,train-clean-360
583,1643,M,train-other-500
584,1645,M,train-clean-360
585,1646,M,train-other-500
586,1647,M,train-other-500
587,1648,F,train-other-500
588,1649,F,train-clean-360
589,1650,M,dev-other
590,1651,M,dev-other
591,1653,F,train-other-500
592,1664,F,train-other-500
593,1665,F,train-other-500
594,1668,F,train-clean-360
595,1673,F,dev-clean
596,1674,F,train-other-500
597,1678,F,train-clean-360
598,1679,F,train-other-500
599,1680,F,train-other-500
600,1681,F,train-other-500
601,1685,M,train-other-500
602,1686,F,dev-other
603,1688,M,test-other
604,1690,F,train-other-500
605,1691,F,train-other-500
606,1693,F,train-other-500
607,1695,F,train-other-500
608,1696,F,train-other-500
609,1699,M,train-other-500
610,1701,M,dev-other
611,1704,F,train-other-500
612,1705,F,train-clean-360
613,1708,M,train-other-500
614,1710,F,train-other-500
615,1714,F,train-other-500
616,1715,F,train-other-500
617,1717,F,train-other-500
618,1721,F,train-other-500
619,1723,M,train-clean-100
620,1724,F,train-clean-360
621,1726,F,train-other-500
622,1731,F,train-clean-360
623,1733,F,train-other-500
624,1734,F,train-clean-360
625,1736,F,train-other-500
626,1737,F,train-clean-100
627,1740,F,train-clean-360
628,1743,M,train-clean-100
629,1746,M,train-other-500
630,1748,M,train-clean-360
631,1750,F,train-other-500
632,1752,F,train-clean-360
633,1754,F,train-clean-360
634,1756,F,train-other-500
635,1757,F,train-other-500
636,1760,F,train-other-500
637,1765,F,train-other-500
638,1767,F,train-other-500
639,1769,M,train-clean-360
640,1772,M,train-other-500
641,1773,F,train-other-500
642,1776,M,train-clean-360
643,1777,M,train-clean-360
644,1779,F,train-clean-360
645,1780,M,train-other-500
646,1784,F,train-other-500
647,1789,M,train-clean-360
648,1795,M,train-other-500
649,1800,F,train-clean-360
650,1801,M,train-clean-360
651,1804,F,train-other-500
652,1806,M,train-clean-360
653,1809,F,train-other-500
654,1811,M,train-clean-360
655,1813,F,train-other-500
656,1815,M,train-other-500
657,1819,F,train-other-500
658,1825,F,train-clean-360
659,1826,M,train-clean-360
660,1827,M,train-clean-360
661,1828,M,train-other-500
662,1841,F,train-clean-100
663,1844,M,train-other-500
664,1845,F,train-clean-360
665,1846,M,train-other-500
666,1849,M,train-clean-360
667,1851,F,train-clean-360
668,1859,F,train-clean-360
669,1863,F,train-other-500
670,1867,M,train-clean-100
671,1868,M,train-other-500
672,1870,M,train-other-500
673,1874,M,train-clean-360
674,1878,M,train-other-500
675,1885,F,train-clean-360
676,1898,F,train-clean-100
677,1901,F,train-other-500
678,1903,M,train-clean-360
679,1913,M,train-clean-360
680,1914,M,train-clean-360
681,1919,F,dev-clean
682,1920,F,train-other-500
683,1923,F,train-clean-360
684,1924,M,train-other-500
685,1926,F,train-clean-100
686,1931,F,train-other-500
687,1933,F,train-clean-360
688,1938,M,train-other-500
689,1943,M,train-clean-360
690,1944,F,train-clean-360
691,1958,M,train-clean-360
692,1961,F,train-clean-360
693,1963,F,train-clean-100
694,1968,F,train-other-500
695,1970,F,train-clean-100
696,1974,F,train-clean-360
697,1977,F,train-other-500
698,1985,M,train-other-500
699,1987,M,train-clean-360
700,1988,F,dev-clean
701,1989,M,train-other-500
702,1992,F,train-clean-100
703,1993,F,dev-clean
704,1995,F,test-clean
705,1998,F,test-other
706,2001,M,train-other-500
707,2002,M,train-clean-100
708,2003,M,train-other-500
709,2004,F,train-clean-360
710,2007,F,train-clean-100
711,2010,F,train-clean-360
712,2012,M,train-clean-360
713,2013,M,train-other-500
714,2021,M,train-other-500
715,2026,F,train-other-500
716,2033,M,test-other
717,2035,F,dev-clean
718,2039,M,train-clean-360
719,2042,F,train-other-500
720,2045,M,train-clean-360
721,2046,M,train-other-500
722,2050,F,train-other-500
723,2051,M,train-other-500
724,2053,F,train-clean-360
725,2056,F,train-clean-360
726,2060,F,train-clean-360
727,2061,F,train-clean-360
728,2062,F,train-other-500
729,2063,M,train-other-500
730,2067,M,train-other-500
731,2068,F,train-other-500
732,2074,M,train-clean-360
733,2078,M,dev-clean
734,2085,F,train-clean-360
735,2086,M,dev-clean
736,2089,F,train-other-500
737,2090,F,train-other-500
738,2092,F,train-clean-100
739,2093,M,train-clean-360
740,2094,F,test-clean
741,2096,M,train-other-500
742,2100,F,train-other-500
743,2104,M,train-other-500
744,2110,M,train-clean-360
745,2113,M,train-clean-360
746,2122,M,train-other-500
747,2127,M,train-clean-360
748,2133,M,train-other-500
749,2136,M,train-clean-100
750,2137,M,train-clean-360
751,2140,M,train-other-500
752,2143,F,train-other-500
753,2146,M,train-clean-360
754,2148,F,train-other-500
755,2149,M,train-clean-360
756,2152,F,train-other-500
757,2156,M,train-clean-360
758,2159,M,train-clean-100
759,2162,M,train-clean-360
760,2167,M,train-clean-360
761,2182,F,train-clean-100
762,2185,M,train-other-500
763,2194,F,train-clean-360
764,2195,M,train-other-500
765,2196,F,train-clean-100
766,2198,M,train-other-500
767,2201,M,train-clean-360
768,2204,F,train-clean-360
769,2208,M,train-other-500
770,2229,M,train-clean-360
771,2230,F,train-clean-360
772,2234,M,train-other-500
773,2237,F,train-other-500
774,2238,M,train-clean-360
775,2240,M,train-clean-360
776,2246,M,train-other-500
777,2254,F,train-clean-360
778,2256,F,train-clean-360
779,2262,M,train-other-500
780,2269,F,train-clean-360
781,2270,F,train-other-500
782,2272,M,train-clean-360
783,2273,M,train-other-500
784,2275,F,train-other-500
785,2276,F,train-other-500
786,2277,F,dev-clean
787,2279,M,train-other-500
788,2284,M,train-other-500
789,2285,M,train-clean-360
790,2288,F,train-other-500
791,2289,M,train-clean-100
792,2292,M,train-other-500
793,2294,M,train-clean-360
794,2297,F,train-other-500
795,2299,M,train-clean-360
796,2300,M,test-clean
797,2301,F,train-other-500
798,2309,M,train-other-500
799,2312,F,train-other-500
800,2319,M,train-clean-360
801,2334,M,train-clean-360
802,2339,F,train-other-500
803,2341,M,train-other-500
804,2346,F,train-other-500
805,2348,F,train-clean-360
806,2351,F,train-other-500
807,2356,M,train-other-500
808,2361,F,train-other-500
809,2364,F,train-clean-360
810,2368,M,train-clean-360
811,2374,F,train-other-500
812,2380,M,train-other-500
813,2384,M,train-clean-100
814,2388,M,train-clean-360
815,2391,F,train-clean-100
816,2393,M,train-clean-360
817,2397,M,train-clean-360
818,2401,F,train-clean-360
819,2404,M,train-clean-360
820,2405,M,train-other-500
821,2407,M,train-other-500
822,2411,F,train-clean-360
823,2412,F,dev-clean
824,2414,M,test-other
825,2416,F,train-clean-100
826,2427,M,train-clean-360
827,2428,M,dev-clean
828,2436,M,train-clean-100
829,2437,M,train-other-500
830,2445,F,train-other-500
831,2448,M,train-other-500
832,2473,M,train-clean-360
833,2481,F,train-clean-360
834,2485,F,train-other-500
835,2487,F,train-other-500
836,2488,F,train-other-500
837,2491,M,train-other-500
838,2494,M,train-clean-360
839,2496,M,train-other-500
840,2498,F,train-clean-360
841,2499,M,train-clean-360
842,2504,F,train-other-500
843,2506,F,dev-other
844,2512,F,train-clean-360
845,2514,M,train-clean-100
846,2517,M,train-clean-360
847,2518,M,train-clean-100
848,2522,F,train-other-500
849,2526,M,train-other-500
850,2531,M,train-clean-360
851,2532,F,train-clean-360
852,2533,M,train-clean-360
853,2541,M,train-other-500
854,2544,F,train-other-500
855,2545,M,train-other-500
856,2552,M,train-other-500
857,2553,F,train-other-500
858,2562,M,train-clean-360
859,2568,F,train-other-500
860,2570,F,train-clean-360
861,2573,F,train-clean-360
862,2574,M,train-other-500
863,2577,F,train-clean-360
864,2581,F,train-clean-360
865,2582,F,train-clean-360
866,2587,F,train-other-500
867,2588,M,train-other-500
868,2589,M,train-clean-360
869,2592,F,train-clean-360
870,2598,F,train-clean-360
871,2606,M,train-other-500
872,2607,F,train-other-500
873,2609,M,test-other
874,2618,M,train-clean-360
875,2624,M,train-other-500
876,2625,F,train-other-500
877,2628,M,train-clean-360
878,2638,F,train-clean-360
879,2652,F,train-clean-360
880,2654,M,train-clean-360
881,2660,M,train-other-500
882,2671,F,train-other-500
883,2673,M,train-clean-360
884,2674,M,train-clean-360
885,2676,F,train-other-500
886,2688,M,train-clean-360
887,2691,F,train-clean-100
888,2694,F,train-other-500
889,2696,M,train-clean-360
890,2709,F,train-clean-360
891,2712,F,train-other-500
892,2724,M,train-other-500
893,2730,F,train-other-500
894,2733,M,train-other-500
895,2735,F,train-other-500
896,2740,M,train-other-500
897,2741,F,train-clean-360
898,2748,F,train-other-500
899,2751,F,train-clean-360
900,2754,F,train-other-500
901,2758,F,train-clean-360
902,2762,F,train-other-500
903,2764,F,train-clean-100
904,2769,M,train-clean-360
905,2774,M,train-clean-360
906,2775,F,train-clean-360
907,2785,F,train-clean-360
908,2787,M,train-clean-360
909,2790,F,train-clean-360
910,2792,F,train-other-500
911,2803,M,dev-clean
912,2812,M,train-clean-360
913,2815,M,train-clean-360
914,2816,M,train-clean-360
915,2817,F,train-clean-100
916,2823,M,train-clean-360
917,2825,M,train-other-500
918,2827,M,train-clean-360
919,2830,M,test-clean
920,2834,F,train-other-500
921,2836,F,train-clean-100
922,2843,M,train-clean-100
923,2853,F,train-clean-360
924,2854,M,train-other-500
925,2882,F,train-clean-360
926,2893,M,train-clean-100
927,2895,F,train-other-500
928,2902,M,dev-clean
929,2909,F,train-other-500
930,2910,F,train-clean-100
931,2911,M,train-clean-100
932,2919,F,train-other-500
933,2920,F,train-clean-360
934,2925,F,train-other-500
935,2929,M,train-clean-360
936,2930,M,train-other-500
937,2943,F,train-other-500
938,2946,M,train-other-500
939,2952,M,train-clean-100
940,2960,M,train-clean-360
941,2961,F,test-clean
942,2967,F,train-other-500
943,2971,M,train-clean-360
944,2975,F,train-other-500
945,2979,F,train-other-500
946,2985,M,train-other-500
947,2988,F,train-other-500
948,2989,F,train-clean-100
949,2990,M,train-other-500
950,2992,M,train-clean-360
951,2997,F,train-other-500
952,2998,M,train-other-500
953,2999,M,train-clean-360
954,3000,M,dev-clean
955,3001,F,train-clean-360
956,3003,F,train-clean-360
957,3005,M,test-other
958,3006,F,train-other-500
959,3008,F,train-clean-360
960,3009,M,train-clean-360
961,3020,M,train-other-500
962,3021,M,train-other-500
963,3025,F,train-clean-360
964,3032,M,train-clean-360
965,3033,F,train-other-500
966,3045,M,train-other-500
967,3046,F,train-clean-360
968,3053,F,train-other-500
969,3054,M,train-other-500
970,3060,M,train-other-500
971,3063,M,train-other-500
972,3070,M,train-clean-360
973,3072,M,train-clean-360
974,3079,F,train-other-500
975,3080,F,test-other
976,3081,F,dev-clean
977,3082,M,train-clean-360
978,3083,F,train-clean-360
979,3088,M,train-other-500
980,3090,F,train-other-500
981,3092,F,train-clean-360
982,3094,F,train-clean-360
983,3097,M,train-other-500
984,3098,M,train-other-500
985,3100,M,train-other-500
986,3105,M,train-clean-360
987,3109,M,train-other-500
988,3112,F,train-clean-100
989,3114,M,train-clean-360
990,3118,M,train-clean-360
991,3119,F,train-clean-360
992,3125,F,train-other-500
993,3132,M,train-other-500
994,3135,M,train-other-500
995,3137,M,train-other-500
996,3138,F,train-other-500
997,3142,M,train-other-500
998,3143,F,train-other-500
999,3144,M,train-other-500
1000,3148,M,train-other-500
1001,3157,F,train-clean-360
1002,3168,M,train-clean-100
1003,3170,M,dev-clean
1004,3171,M,train-clean-360
1005,3172,F,train-other-500
1006,3179,F,train-other-500
1007,3180,M,train-clean-360
1008,3185,M,train-clean-360
1009,3187,M,train-clean-360
1010,3192,M,train-other-500
1011,3196,F,train-other-500
1012,3214,M,train-clean-100
1013,3215,F,train-clean-360
1014,3221,M,train-clean-360
1015,3224,F,train-clean-360
1016,3227,F,train-other-500
1017,3228,F,train-clean-360
1018,3230,M,train-clean-360
1019,3235,F,train-clean-100
1020,3238,M,train-other-500
1021,3240,M,train-clean-100
1022,3242,M,train-clean-100
1023,3244,F,train-other-500
1024,3245,F,train-other-500
1025,3257,M,train-other-500
1026,3258,F,train-clean-360
1027,3259,F,train-clean-100
1028,3261,M,train-other-500
1029,3268,M,train-other-500
1030,3271,M,train-other-500
1031,3272,M,train-other-500
1032,3274,M,train-clean-360
1033,3285,M,train-other-500
1034,3288,M,train-other-500
1035,3289,M,train-clean-360
1036,3290,F,train-other-500
1037,3294,F,train-clean-360
1038,3307,M,train-clean-360
1039,3314,F,train-other-500
1040,3318,F,train-other-500
1041,3319,F,train-other-500
1042,3328,M,train-clean-360
1043,3330,F,train-clean-360
1044,3331,F,test-other
1045,3334,F,train-other-500
1046,3340,M,train-clean-360
1047,3346,F,train-other-500
1048,3347,F,train-clean-360
1049,3356,F,train-other-500
1050,3357,F,train-clean-360
1051,3361,F,train-clean-360
1052,3368,M,train-clean-360
1053,3370,M,train-clean-360
1054,3373,M,train-other-500
1055,3374,M,train-clean-100
1056,3379,F,train-clean-360
1057,3380,F,train-clean-360
1058,3381,M,train-other-500
1059,3389,M,train-clean-360
1060,3394,F,train-other-500
1061,3400,F,train-other-500
1062,3409,F,train-other-500
1063,3411,F,train-other-500
1064,3417,M,train-other-500
1065,3433,M,train-other-500
1066,3436,M,train-clean-100
1067,3440,F,train-clean-100
1068,3446,F,train-clean-360
1069,3448,M,train-clean-360
1070,3465,F,train-other-500
1071,3467,F,train-other-500
1072,3470,M,train-other-500
1073,3479,F,train-other-500
1074,3482,F,train-clean-360
1075,3483,M,train-clean-360
1076,3486,M,train-clean-100
1077,3488,M,train-other-500
1078,3490,M,train-clean-360
1079,3493,F,train-clean-360
1080,3500,F,train-other-500
1081,3503,M,train-other-500
1082,3513,F,train-clean-360
1083,3521,M,train-clean-360
1084,3526,F,train-clean-100
1085,3528,F,test-other
1086,3536,F,dev-clean
1087,3537,F,train-clean-360
1088,3538,F,test-other
1089,3540,M,train-clean-360
1090,3541,M,train-other-500
1091,3546,F,train-clean-360
1092,3547,M,train-other-500
1093,3549,F,train-clean-360
1094,3551,F,train-clean-360
1095,3553,M,train-other-500
1096,3554,F,train-other-500
1097,3557,F,train-other-500
1098,3559,F,train-other-500
1099,3564,F,train-other-500
1100,3567,M,train-other-500
1101,3570,F,test-clean
1102,3571,M,train-other-500
1103,3575,F,test-clean
1104,3576,F,dev-clean
1105,3584,F,train-clean-360
1106,3587,M,train-other-500
1107,3588,F,train-other-500
1108,3592,M,train-other-500
1109,3595,M,train-other-500
1110,3598,F,train-other-500
1111,3606,M,train-other-500
1112,3607,M,train-clean-100
1113,3615,F,train-clean-360
1114,3618,M,train-other-500
1115,3630,F,train-clean-360
1116,3638,F,train-clean-360
1117,3641,F,train-other-500
1118,3645,F,train-clean-360
1119,3647,F,train-other-500
1120,3650,M,train-other-500
1121,3654,M,train-clean-360
1122,3656,M,train-other-500
1123,3657,M,train-other-500
1124,3660,M,dev-other
1125,3663,F,dev-other
1126,3664,M,train-clean-100
1127,3665,M,train-other-500
1128,3675,F,train-other-500
1129,3679,F,train-other-500
1130,3681,F,train-other-500
1131,3686,M,train-clean-360
1132,3691,M,train-other-500
1133,3698,F,train-other-500
1134,3699,M,train-clean-100
1135,3703,F,train-clean-360
1136,3717,M,train-clean-360
1137,3723,M,train-clean-100
1138,3728,F,train-clean-360
1139,3729,F,test-clean
1140,3733,F,train-clean-360
1141,3738,F,train-clean-360
1142,3744,M,train-other-500
1143,3747,M,train-other-500
1144,3752,M,dev-clean
1145,3757,F,train-other-500
1146,3764,F,test-other
1147,3779,F,train-other-500
1148,3780,M,train-other-500
1149,3781,F,train-clean-360
1150,3783,M,train-other-500
1151,3790,F,train-clean-360
1152,3792,M,train-clean-360
1153,3793,M,train-other-500
1154,3796,M,train-other-500
1155,3798,F,train-other-500
1156,3807,M,train-clean-100
1157,3816,F,train-clean-360
1158,3819,M,train-other-500
1159,3825,M,train-clean-360
1160,3830,M,train-clean-100
1161,3835,M,train-clean-360
1162,3843,F,train-other-500
1163,3845,M,train-other-500
1164,3848,F,train-other-500
1165,3851,F,train-clean-360
1166,3852,F,train-clean-360
1167,3853,F,dev-clean
1168,3857,M,train-clean-100
1169,3864,M,train-clean-360
1170,3866,M,train-clean-360
1171,3867,F,train-other-500
1172,3869,M,train-clean-360
1173,3871,M,train-other-500
1174,3876,F,train-clean-360
1175,3879,F,train-clean-100
1176,3885,F,train-other-500
1177,3889,F,train-clean-360
1178,3894,M,train-other-500
1179,3895,M,train-other-500
1180,3896,M,train-other-500
1181,3905,F,train-clean-360
1182,3906,F,train-other-500
1183,3909,F,train-other-500
1184,3911,F,train-other-500
1185,3912,M,train-other-500
1186,3914,M,train-clean-360
1187,3915,F,dev-other
1188,3922,F,train-clean-360
1189,3923,M,train-clean-360
1190,3925,F,train-other-500
1191,3926,F,train-other-500
1192,3927,M,train-clean-360
1193,3928,F,train-other-500
1194,3934,F,train-other-500
1195,3945,M,train-clean-360
1196,3947,F,train-clean-100
1197,3955,M,train-other-500
1198,3959,M,train-other-500
1199,3962,M,train-other-500
1200,3967,F,train-clean-360
1201,3969,F,train-other-500
1202,3972,F,train-clean-360
1203,3977,M,train-clean-360
1204,3979,F,train-clean-360
1205,3982,F,train-clean-100
1206,3983,F,train-clean-100
1207,3989,M,train-clean-360
1208,3990,F,train-other-500
1209,3992,F,train-other-500
1210,3994,F,train-clean-360
1211,3997,F,test-other
1212,4005,F,train-other-500
1213,4009,F,train-other-500
1214,4010,M,train-clean-360
1215,4013,M,train-clean-360
1216,4014,M,train-clean-100
1217,4015,M,train-other-500
1218,4017,M,train-other-500
1219,4018,M,train-clean-100
1220,4019,M,train-other-500
1221,4020,M,train-other-500
1222,4021,F,train-other-500
1223,4034,F,train-other-500
1224,4039,M,train-clean-360
1225,4042,M,train-other-500
1226,4044,F,train-clean-360
1227,4051,F,train-clean-100
1228,4054,M,train-clean-360
1229,4057,F,train-clean-360
1230,4059,M,train-other-500
1231,4063,F,train-other-500
1232,4064,F,train-clean-360
1233,4071,F,train-clean-360
1234,4077,M,test-clean
1235,4078,M,train-other-500
1236,4085,M,train-other-500
1237,4088,F,train-clean-100
1238,4090,F,train-other-500
1239,4098,F,train-clean-360
1240,4104,F,train-other-500
1241,4108,M,train-clean-360
1242,4110,M,train-clean-360
1243,4111,F,train-clean-360
1244,4116,F,train-clean-360
1245,4122,M,train-other-500
1246,4133,M,train-clean-360
1247,4137,F,train-clean-100
1248,4138,F,train-clean-360
1249,4145,F,train-clean-360
1250,4148,M,train-clean-360
1251,4152,M,train-clean-360
1252,4153,F,dev-other
1253,4156,F,train-other-500
1254,4160,F,train-clean-100
1255,4161,M,train-other-500
1256,4172,M,train-other-500
1257,4174,F,train-other-500
1258,4179,M,train-other-500
1259,4189,F,train-other-500
1260,4191,M,train-other-500
1261,4192,F,train-other-500
1262,4193,M,train-other-500
1263,4195,F,train-clean-100
1264,4196,M,train-other-500
1265,4198,M,test-other
1266,4205,M,train-other-500
1267,4211,F,train-other-500
1268,4214,F,train-clean-100
1269,4216,F,train-other-500
1270,4217,M,train-other-500
1271,4218,M,train-other-500
1272,4222,F,train-clean-360
1273,4225,F,train-other-500
1274,4226,M,train-clean-360
1275,4234,F,train-other-500
1276,4235,F,train-other-500
1277,4236,M,train-clean-360
1278,4238,F,train-clean-360
1279,4243,M,train-clean-360
1280,4246,M,train-clean-360
1281,4257,M,train-clean-360
1282,4260,F,train-clean-360
1283,4262,F,train-other-500
1284,4263,F,train-other-500
1285,4267,M,train-clean-100
1286,4273,F,train-other-500
1287,4277,M,train-other-500
1288,4278,M,train-clean-360
1289,4280,F,train-other-500
1290,4289,F,train-clean-360
1291,4290,M,train-clean-360
1292,4294,F,test-other
1293,4295,M,train-other-500
1294,4297,F,train-clean-100
1295,4305,F,train-other-500
1296,4310,F,train-other-500
1297,4313,F,train-other-500
1298,4321,F,train-other-500
1299,4323,F,dev-other
1300,4327,F,train-other-500
1301,4331,F,train-clean-360
1302,4335,M,train-clean-360
1303,4340,F,train-clean-100
1304,4344,M,train-other-500
1305,4345,M,train-other-500
1306,4350,M,test-other
1307,4352,F,train-other-500
1308,4356,F,train-clean-360
1309,4358,M,train-clean-360
1310,4362,F,train-clean-100
1311,4363,F,train-clean-360
1312,4379,M,train-other-500
1313,4381,F,train-clean-360
1314,4396,F,train-other-500
1315,4397,M,train-clean-100
1316,4402,M,train-other-500
1317,4406,M,train-clean-100
1318,4407,M,train-other-500
1319,4411,F,train-other-500
1320,4415,F,train-other-500
1321,4420,M,train-other-500
1322,4422,F,train-other-500
1323,4423,M,train-other-500
1324,4425,M,train-clean-360
1325,4427,F,train-clean-360
1326,4428,M,train-other-500
1327,4433,M,train-clean-360
1328,4434,F,train-clean-360
1329,4438,M,train-clean-360
1330,4441,M,train-clean-100
1331,4442,M,train-other-500
1332,4443,F,train-other-500
1333,4446,F,test-clean
1334,4447,M,train-other-500
1335,4455,F,train-other-500
1336,4463,F,train-other-500
1337,4474,M,train-other-500
1338,4480,M,train-other-500
1339,4481,F,train-clean-100
1340,4484,M,train-other-500
1341,4487,F,train-other-500
1342,4490,F,train-clean-360
1343,4492,F,train-other-500
1344,4495,M,train-clean-360
1345,4507,F,test-clean
1346,4511,F,train-other-500
1347,4513,F,train-other-500
1348,4515,M,dev-other
1349,4519,F,train-clean-360
1350,4520,F,train-other-500
1351,4535,M,train-clean-360
1352,4545,M,train-other-500
1353,4546,F,train-other-500
1354,4549,F,train-other-500
1355,4563,F,train-other-500
1356,4570,M,dev-other
1357,4572,M,dev-other
1358,4576,F,train-other-500
1359,4583,M,train-other-500
1360,4586,M,train-clean-360
1361,4590,M,train-clean-360
1362,4591,M,train-other-500
1363,4592,F,train-clean-360
1364,4594,M,train-other-500
1365,4595,M,train-clean-360
1366,4598,F,train-clean-360
1367,4599,M,train-other-500
1368,4629,M,train-clean-360
1369,4640,F,train-clean-100
1370,4652,F,train-other-500
1371,4659,M,train-other-500
1372,4660,F,train-other-500
1373,4667,F,train-other-500
1374,4680,F,train-clean-100
1375,4681,M,train-clean-360
1376,4687,M,train-other-500
1377,4693,M,train-other-500
1378,4697,F,train-other-500
1379,4699,M,train-other-500
1380,4701,M,train-other-500
1381,4703,F,train-other-500
1382,4705,M,train-other-500
1383,4706,F,train-other-500
1384,4710,M,train-other-500
1385,4712,F,train-other-500
1386,4719,M,train-clean-360
1387,4731,F,train-clean-360
1388,4733,M,train-clean-360
1389,4734,M,train-clean-360
1390,4738,M,train-other-500
1391,4741,M,train-other-500
1392,4742,F,train-other-500
1393,4744,F,train-clean-360
1394,4748,M,train-other-500
1395,4750,M,train-other-500
1396,4757,F,train-other-500
1397,4766,F,train-other-500
1398,4767,M,train-other-500
1399,4770,F,train-clean-360
1400,4771,M,train-other-500
1401,4773,F,train-other-500
1402,4779,F,train-other-500
1403,4788,M,train-clean-100
1404,4791,F,train-other-500
1405,4799,M,train-other-500
1406,4800,F,train-clean-360
1407,4806,M,train-clean-360
1408,4807,F,train-clean-360
1409,4813,M,train-clean-100
1410,4821,M,train-other-500
1411,4824,F,train-other-500
1412,4830,M,train-clean-100
1413,4831,F,dev-other
1414,4836,M,train-other-500
1415,4837,F,train-clean-360
1416,4839,F,train-clean-360
1417,4841,F,train-other-500
1418,4846,F,train-clean-360
1419,4848,M,train-clean-360
1420,4852,M,test-other
1421,4853,F,train-clean-100
1422,4854,M,train-clean-360
1423,4856,M,train-clean-360
1424,4859,M,train-clean-100
1425,4860,M,train-clean-360
1426,4863,M,train-other-500
1427,4872,M,train-other-500
1428,4894,M,train-other-500
1429,4898,M,train-clean-100
1430,4899,F,train-clean-360
1431,4910,F,train-other-500
1432,4915,M,train-other-500
1433,4926,F,train-clean-360
1434,4930,M,train-other-500
1435,4931,M,train-other-500
1436,4936,F,train-other-500
1437,4945,M,train-clean-360
1438,4948,M,train-other-500
1439,4955,M,train-other-500
1440,4957,F,train-clean-360
1441,4958,M,train-other-500
1442,4959,F,train-other-500
1443,4964,F,train-other-500
1444,4965,F,train-other-500
1445,4967,F,train-clean-360
1446,4969,M,train-other-500
1447,4970,F,test-clean
1448,4973,M,train-clean-360
1449,4979,M,train-other-500
1450,4991,F,train-other-500
1451,4992,F,test-clean
1452,4993,M,train-other-500
1453,5000,F,train-other-500
1454,5002,M,train-clean-360
1455,5005,F,train-other-500
1456,5007,F,train-clean-360
1457,5009,M,train-other-500
1458,5012,F,train-clean-360
1459,5013,M,train-other-500
1460,5019,F,train-other-500
1461,5022,F,train-clean-100
1462,5023,F,train-other-500
1463,5029,F,train-clean-360
1464,5036,F,train-other-500
1465,5038,M,train-other-500
1466,5039,F,train-clean-360
1467,5043,M,train-other-500
1468,5044,F,train-other-500
1469,5045,F,train-other-500
1470,5049,M,train-clean-100
1471,5054,F,train-clean-360
1472,5060,F,train-other-500
1473,5062,F,train-clean-360
1474,5063,F,train-clean-360
1475,5076,M,train-other-500
1476,5077,F,train-other-500
1477,5082,F,train-other-500
1478,5092,M,train-clean-360
1479,5093,F,train-clean-360
1480,5101,F,train-other-500
1481,5104,M,train-clean-100
1482,5105,M,test-clean
1483,5115,F,train-clean-360
1484,5118,M,train-other-500
1485,5123,M,train-clean-360
1486,5126,M,train-clean-360
1487,5132,M,train-other-500
1488,5133,F,train-clean-360
1489,5136,F,train-other-500
1490,5139,F,train-clean-360
1491,5141,M,train-other-500
1492,5142,F,test-clean
1493,5147,M,train-clean-360
1494,5152,M,train-other-500
1495,5154,F,train-clean-360
1496,5157,M,train-clean-360
1497,5163,F,train-clean-100
1498,5164,F,train-other-500
1499,5172,M,train-other-500
1500,5181,M,train-other-500
1501,5183,M,train-other-500
1502,5185,M,train-other-500
1503,5186,M,train-clean-360
1504,5189,M,train-clean-360
1505,5190,M,train-clean-360
1506,5192,M,train-clean-100
1507,5198,M,train-other-500
1508,5199,F,train-other-500
1509,5206,M,train-clean-360
1510,5217,F,train-other-500
1511,5220,F,train-other-500
1512,5224,M,train-other-500
1513,5230,F,train-other-500
1514,5233,F,train-other-500
1515,5239,M,train-clean-360
1516,5242,M,train-clean-360
1517,5244,F,train-other-500
1518,5245,M,train-other-500
1519,5246,M,train-clean-360
1520,5248,M,train-other-500
1521,5252,M,train-other-500
1522,5261,M,train-clean-360
1523,5266,F,train-clean-360
1524,5269,F,train-other-500
1525,5271,F,train-other-500
1526,5278,M,train-other-500
1527,5280,M,train-other-500
1528,5285,F,train-other-500
1529,5287,F,train-other-500
1530,5290,F,train-clean-360
1531,5293,M,train-clean-360
1532,5296,F,train-other-500
1533,5299,F,train-other-500
1534,5304,M,train-clean-360
1535,5319,M,train-clean-360
1536,5321,M,train-other-500
1537,5322,M,train-clean-100
1538,5325,M,train-other-500
1539,5328,M,train-other-500
1540,5333,M,train-clean-360
1541,5337,F,train-clean-360
1542,5338,F,dev-clean
1543,5339,F,train-clean-100
1544,5340,F,train-other-500
1545,5350,F,train-other-500
1546,5355,F,train-other-500
1547,5361,F,train-other-500
1548,5375,F,train-other-500
1549,5379,M,train-other-500
1550,5386,M,train-clean-360
1551,5389,M,train-clean-360
1552,5390,M,train-clean-100
1553,5393,F,train-clean-100
1554,5400,F,train-clean-360
1555,5401,M,train-clean-360
1556,5405,F,train-other-500
1557,5412,F,train-other-500
1558,5424,F,train-other-500
1559,5429,M,train-other-500
1560,5439,F,train-other-500
1561,5442,F,test-other
1562,5445,F,train-other-500
1563,5448,M,train-clean-360
1564,5456,M,train-clean-100
1565,5459,M,train-other-500
1566,5460,M,train-other-500
1567,5463,M,train-clean-100
1568,5468,F,train-other-500
1569,5471,F,train-other-500
1570,5480,F,train-other-500
1571,5484,F,test-other
1572,5487,F,train-other-500
1573,5489,F,train-clean-360
1574,5506,M,train-other-500
1575,5513,M,train-clean-360
1576,5514,F,train-clean-100
1577,5519,M,train-clean-360
1578,5536,M,dev-clean
1579,5538,F,train-clean-360
1580,5543,F,dev-other
1581,5545,M,train-other-500
1582,5561,F,train-clean-100
1583,5565,M,train-other-500
1584,5567,M,train-other-500
1585,5569,F,train-other-500
1586,5570,F,train-clean-360
1587,5583,F,train-clean-360
1588,5588,F,train-clean-360
1589,5604,F,train-clean-360
1590,5606,F,train-clean-360
1591,5618,F,train-clean-360
1592,5620,M,train-other-500
1593,5622,F,train-clean-360
1594,5628,M,train-other-500
1595,5635,M,train-clean-360
1596,5636,F,train-other-500
1597,5637,M,train-clean-360
1598,5639,M,test-clean
1599,5641,M,train-other-500
1600,5649,F,train-other-500
1601,5652,F,train-clean-100
1602,5653,F,train-other-500
1603,5655,F,train-clean-360
1604,5656,M,train-clean-360
1605,5660,F,train-clean-360
1606,5661,F,train-other-500
1607,5665,F,train-other-500
1608,5671,F,train-other-500
1609,5672,M,train-clean-360
1610,5678,M,train-clean-100
1611,5682,F,train-other-500
1612,5683,F,test-clean
1613,5684,F,train-clean-360
1614,5688,F,train-clean-100
1615,5694,M,dev-clean
1616,5700,M,train-other-500
1617,5703,M,train-clean-100
1618,5712,F,train-clean-360
1619,5717,M,train-clean-360
1620,5719,M,train-other-500
1621,5720,F,train-other-500
1622,5723,F,train-clean-360
1623,5724,F,train-clean-360
1624,5725,F,train-other-500
1625,5727,M,train-clean-360
1626,5731,F,train-clean-360
1627,5733,F,train-other-500
1628,5735,F,train-other-500
1629,5740,F,train-clean-360
1630,5746,M,train-clean-360
1631,5750,M,train-clean-100
1632,5756,F,train-other-500
1633,5764,M,test-other
1634,5765,M,train-other-500
1635,5767,M,train-clean-360
1636,5772,M,train-other-500
1637,5776,M,train-clean-360
1638,5778,F,train-clean-100
1639,5781,M,train-other-500
1640,5784,M,train-other-500
1641,5789,F,train-clean-100
1642,5791,M,train-other-500
1643,5796,F,train-other-500
1644,5802,M,train-clean-360
1645,5808,M,train-clean-100
1646,5809,F,train-clean-360
1647,5810,M,train-clean-360
1648,5825,F,train-other-500
1649,5826,M,train-other-500
1650,5831,F,train-other-500
1651,5837,F,train-other-500
1652,5840,M,train-other-500
1653,5849,F,dev-other
1654,5854,M,train-other-500
1655,5860,F,train-other-500
1656,5867,F,train-clean-100
1657,5868,M,train-clean-360
1658,5874,M,train-other-500
1659,5876,F,train-clean-360
1660,5883,M,train-clean-360
1661,5886,M,train-other-500
1662,5890,F,train-other-500
1663,5893,F,train-other-500
1664,5894,M,train-other-500
1665,5895,F,dev-clean
1666,5906,F,train-other-500
1667,5909,M,train-clean-360
1668,5910,M,train-other-500
1669,5911,M,train-other-500
1670,5913,M,train-other-500
1671,5914,M,train-clean-360
1672,5918,M,train-clean-360
1673,5929,F,train-other-500
1674,5933,M,train-other-500
1675,5935,M,train-clean-360
1676,5940,M,train-clean-360
1677,5949,F,train-other-500
1678,5951,M,train-other-500
1679,5952,F,train-other-500
1680,5968,F,train-clean-360
1681,5970,M,train-other-500
1682,5975,M,train-clean-360
1683,5977,M,train-other-500
1684,5979,M,train-other-500
1685,5980,F,train-other-500
1686,5983,F,train-other-500
1687,5984,F,train-clean-360
1688,5985,M,train-clean-360
1689,5993,M,train-other-500
1690,6000,F,train-clean-100
1691,6003,M,train-other-500
1692,6006,F,train-clean-360
1693,6009,M,train-other-500
1694,6010,M,train-other-500
1695,6014,F,train-clean-360
1696,6019,M,train-clean-100
1697,6025,F,train-other-500
1698,6030,F,train-other-500
1699,6032,F,train-clean-360
1700,6035,M,train-other-500
1701,6037,M,train-clean-360
1702,6038,F,train-clean-360
1703,6051,M,train-other-500
1704,6054,F,train-clean-360
1705,6060,M,train-clean-360
1706,6064,F,train-clean-100
1707,6065,M,train-other-500
1708,6070,F,test-other
1709,6072,F,train-other-500
1710,6075,M,train-clean-360
1711,6076,M,train-other-500
1712,6077,M,train-other-500
1713,6078,F,train-clean-100
1714,6080,M,train-clean-360
1715,6081,M,train-clean-100
1716,6082,F,train-clean-360
1717,6084,M,train-other-500
1718,6087,F,train-other-500
1719,6088,F,train-other-500
1720,6097,M,train-other-500
1721,6098,M,train-clean-360
1722,6099,F,train-clean-360
1723,6102,F,train-other-500
1724,6104,F,train-clean-360
1725,6106,F,train-other-500
1726,6111,F,train-other-500
1727,6115,M,train-clean-360
1728,6119,M,train-clean-360
1729,6120,F,train-clean-360
1730,6121,F,train-other-500
1731,6123,F,dev-other
1732,6126,M,train-other-500
1733,6127,F,train-other-500
1734,6128,F,test-other
1735,6131,F,train-other-500
1736,6135,F,train-other-500
1737,6138,F,train-other-500
1738,6139,F,train-clean-360
1739,6145,F,train-other-500
1740,6147,F,train-clean-100
1741,6153,F,train-other-500
1742,6157,M,train-clean-360
1743,6159,M,train-other-500
1744,6160,F,train-clean-360
1745,6167,F,train-clean-360
1746,6173,F,train-other-500
1747,6177,M,train-other-500
1748,6178,F,train-other-500
1749,6181,M,train-clean-100
1750,6184,M,train-other-500
1751,6188,F,train-clean-360
1752,6189,F,train-clean-360
1753,6196,M,train-other-500
1754,6199,M,train-other-500
1755,6206,F,train-clean-360
1756,6209,M,train-clean-100
1757,6211,F,train-other-500
1758,6215,F,train-clean-360
1759,6221,M,train-other-500
1760,6224,M,train-other-500
1761,6227,F,train-other-500
1762,6232,M,train-other-500
1763,6233,F,train-clean-360
1764,6235,F,train-clean-360
1765,6236,M,train-other-500
1766,6241,M,dev-clean
1767,6242,F,train-other-500
1768,6248,M,train-other-500
1769,6249,M,train-other-500
1770,6251,F,train-other-500
1771,6254,F,train-other-500
1772,6258,M,train-clean-360
1773,6267,M,dev-other
1774,6269,M,train-clean-360
1775,6272,F,train-clean-100
1776,6276,M,train-other-500
1777,6281,F,train-other-500
1778,6284,F,train-other-500
1779,6286,F,train-clean-360
1780,6288,F,train-clean-360
1781,6294,M,train-clean-360
1782,6295,M,dev-clean
1783,6300,F,train-clean-360
1784,6308,F,train-clean-360
1785,6311,M,train-other-500
1786,6313,F,dev-clean
1787,6317,F,train-clean-360
1788,6319,F,dev-clean
1789,6323,M,train-other-500
1790,6324,F,train-other-500
1791,6330,M,train-clean-360
1792,6332,F,train-other-500
1793,6333,M,train-other-500
1794,6339,F,train-clean-360
1795,6341,F,train-clean-360
1796,6345,F,dev-clean
1797,6346,M,train-other-500
1798,6351,F,train-other-500
1799,6352,F,train-clean-360
1800,6353,F,train-other-500
1801,6356,M,train-other-500
1802,6358,F,train-other-500
1803,6359,F,train-clean-360
1804,6364,M,train-other-500
1805,6367,M,train-clean-100
1806,6368,M,train-other-500
1807,6370,M,train-other-500
1808,6371,F,train-clean-360
1809,6373,F,train-clean-360
1810,6377,M,train-other-500
1811,6378,F,train-clean-360
1812,6385,F,train-clean-100
1813,6388,F,train-clean-360
1814,6391,F,train-other-500
1815,6395,M,train-clean-360
1816,6399,M,train-other-500
1817,6402,M,train-other-500
1818,6406,F,train-clean-360
1819,6407,M,train-other-500
1820,6411,F,train-other-500
1821,6415,F,train-clean-100
1822,6418,M,train-other-500
1823,6426,F,train-clean-360
1824,6432,M,test-other
1825,6436,M,train-other-500
1826,6437,M,train-clean-100
1827,6446,M,train-clean-360
1828,6454,M,train-clean-100
1829,6455,F,dev-other
1830,6458,M,train-clean-360
1831,6459,M,train-other-500
1832,6467,M,dev-other
1833,6476,F,train-clean-100
1834,6482,M,train-other-500
1835,6484,F,train-other-500
1836,6488,F,train-other-500
1837,6492,M,train-clean-360
1838,6494,M,train-clean-360
1839,6497,M,train-clean-360
1840,6499,M,train-clean-360
1841,6505,F,train-clean-360
1842,6506,M,train-other-500
1843,6509,F,train-clean-360
1844,6510,M,train-clean-360
1845,6512,M,train-other-500
1846,6513,F,train-other-500
1847,6518,F,train-clean-360
1848,6519,F,train-clean-360
1849,6529,M,train-clean-100
1850,6531,F,train-clean-100
1851,6533,M,train-other-500
1852,6534,F,train-other-500
1853,6535,M,train-other-500
1854,6538,M,train-clean-360
1855,6539,M,train-other-500
1856,6540,M,train-other-500
1857,6544,F,train-clean-360
1858,6548,F,train-other-500
1859,6549,F,train-other-500
1860,6550,M,train-clean-360
1861,6553,M,train-clean-360
1862,6555,M,train-clean-360
1863,6557,F,train-other-500
1864,6563,M,train-clean-100
1865,6567,F,train-clean-360
1866,6568,F,train-other-500
1867,6574,M,train-clean-360
1868,6575,M,train-clean-360
1869,6583,F,train-other-500
1870,6590,F,train-other-500
1871,6594,F,train-other-500
1872,6599,M,dev-other
1873,6609,M,train-other-500
1874,6610,F,train-other-500
1875,6614,F,train-other-500
1876,6620,F,train-clean-360
1877,6625,M,train-other-500
1878,6627,F,train-other-500
1879,6636,M,train-other-500
1880,6637,F,train-clean-360
1881,6641,F,train-other-500
1882,6643,F,train-clean-360
1883,6652,M,train-other-500
1884,6660,F,train-other-500
1885,6668,M,train-other-500
1886,6670,M,train-other-500
1887,6673,F,train-clean-360
1888,6674,M,train-other-500
1889,6676,F,train-other-500
1890,6683,F,train-clean-360
1891,6685,M,train-other-500
1892,6686,M,train-clean-360
1893,6687,M,train-other-500
1894,6689,F,train-other-500
1895,6690,M,train-clean-360
1896,6694,M,train-clean-360
1897,6695,F,train-other-500
1898,6696,F,train-clean-360
1899,6701,M,train-clean-360
1900,6705,F,train-other-500
1901,6707,M,train-other-500
1902,6709,M,train-other-500
1903,6713,M,train-other-500
1904,6724,F,train-other-500
1905,6726,F,train-other-500
1906,6727,M,train-clean-360
1907,6733,F,train-other-500
1908,6735,F,train-other-500
1909,6741,F,train-other-500
1910,6743,M,train-other-500
1911,6746,M,train-other-500
1912,6747,M,train-other-500
1913,6749,F,train-other-500
1914,6752,M,train-other-500
1915,6753,M,train-other-500
1916,6754,M,train-other-500
1917,6758,F,train-other-500
1918,6763,F,train-clean-360
1919,6773,M,train-other-500
1920,6777,M,train-other-500
1921,6782,F,train-clean-360
1922,6784,M,train-other-500
1923,6788,F,train-clean-360
1924,6792,M,train-other-500
1925,6794,F,train-other-500
1926,6798,M,train-other-500
1927,6804,M,train-other-500
1928,6807,F,train-other-500
1929,6818,F,train-clean-100
1930,6821,F,train-other-500
1931,6828,F,train-clean-360
1932,6829,F,test-clean
1933,6836,M,train-clean-100
1934,6841,M,dev-other
1935,6846,M,train-other-500
1936,6848,M,train-clean-100
1937,6849,M,train-other-500
1938,6853,F,train-other-500
1939,6865,F,train-clean-360
1940,6875,M,train-other-500
1941,6877,M,train-clean-360
1942,6880,M,train-clean-100
1943,6882,M,train-other-500
1944,6883,M,train-other-500
1945,6892,M,train-other-500
1946,6895,F,train-clean-360
1947,6902,F,train-other-500
1948,6904,F,train-clean-360
1949,6906,F,train-other-500
1950,6912,M,train-other-500
1951,6913,F,train-other-500
1952,6914,F,train-other-500
1953,6918,F,train-clean-360
1954,6923,M,train-other-500
1955,6924,F,train-clean-360
1956,6925,M,train-clean-100
1957,6927,F,train-clean-360
1958,6930,M,test-clean
1959,6937,F,train-clean-360
1960,6938,F,test-other
1961,6943,F,train-other-500
1962,6945,M,train-other-500
1963,6947,F,train-other-500
1964,6950,F,train-other-500
1965,6951,F,train-other-500
1966,6954,M,train-other-500
1967,6956,M,train-clean-360
1968,6962,M,train-other-500
1969,6963,M,train-other-500
1970,6965,M,train-clean-360
1971,6967,F,train-other-500
1972,6974,M,train-other-500
1973,6978,F,train-other-500
1974,6981,M,train-clean-360
1975,6993,M,train-clean-360
1976,7000,M,train-clean-360
1977,7001,F,train-other-500
1978,7008,M,train-other-500
1979,7009,M,train-other-500
1980,7011,M,train-clean-360
1981,7012,F,train-other-500
1982,7018,M,test-other
1983,7021,M,test-clean
1984,7026,F,train-other-500
1985,7030,M,train-clean-360
1986,7046,M,train-other-500
1987,7051,M,train-clean-360
1988,7055,M,train-other-500
1989,7059,F,train-clean-100
1990,7061,M,train-clean-360
1991,7062,F,train-other-500
1992,7065,M,train-other-500
1993,7067,M,train-clean-100
1994,7069,M,train-clean-360
1995,7073,F,train-other-500
1996,7078,F,train-clean-100
1997,7079,F,train-other-500
1998,7085,M,train-clean-360
1999,7090,M,train-clean-360
2000,7092,F,train-other-500
2001,7095,M,train-clean-360
2002,7096,M,train-other-500
2003,7097,F,train-other-500
2004,7105,M,test-other
2005,7107,M,train-other-500
2006,7113,F,train-clean-100
2007,7117,F,train-clean-360
2008,7120,F,train-clean-360
2009,7121,M,train-other-500
2010,7125,F,train-other-500
2011,7126,M,train-clean-360
2012,7127,M,test-clean
2013,7128,M,train-clean-360
2014,7131,F,train-other-500
2015,7134,M,train-clean-360
2016,7135,F,train-other-500
2017,7138,F,train-other-500
2018,7139,M,train-clean-360
2019,7140,F,train-clean-360
2020,7143,F,train-other-500
2021,7145,F,train-clean-360
2022,7147,M,train-other-500
2023,7148,F,train-clean-100
2024,7150,M,train-other-500
2025,7155,M,train-other-500
2026,7169,M,train-clean-360
2027,7170,M,train-other-500
2028,7176,M,test-clean
2029,7177,F,train-other-500
2030,7178,F,train-clean-100
2031,7188,M,train-clean-360
2032,7189,M,train-other-500
2033,7190,M,train-clean-100
2034,7197,F,train-other-500
2035,7198,F,train-other-500
2036,7199,F,train-other-500
2037,7205,F,train-other-500
2038,7208,M,train-other-500
2039,7215,M,train-other-500
2040,7218,F,train-other-500
2041,7220,F,train-other-500
2042,7223,F,train-other-500
2043,7226,M,train-clean-100
2044,7228,M,train-other-500
2045,7229,F,train-clean-360
2046,7238,M,train-other-500
2047,7239,M,train-other-500
2048,7240,F,train-clean-360
2049,7241,M,train-clean-360
2050,7242,F,train-other-500
2051,7245,F,train-clean-360
2052,7246,F,train-other-500
2053,7247,M,train-clean-360
2054,7250,F,train-other-500
2055,7255,F,train-other-500
2056,7258,M,train-clean-360
2057,7263,F,train-other-500
2058,7264,M,train-clean-100
2059,7265,F,train-other-500
2060,7276,F,train-clean-360
2061,7277,F,train-other-500
2062,7278,M,train-clean-100
2063,7285,F,train-clean-360
2064,7286,F,train-clean-360
2065,7294,F,train-clean-360
2066,7297,F,train-clean-360
2067,7299,F,train-other-500
2068,7301,M,train-other-500
2069,7302,F,train-clean-100
2070,7307,M,train-other-500
2071,7312,M,train-clean-100
2072,7313,M,train-clean-360
2073,7314,M,train-clean-360
2074,7315,F,train-other-500
2075,7316,F,train-clean-360
2076,7318,F,train-clean-360
2077,7320,F,train-other-500
2078,7326,M,train-other-500
2079,7327,M,train-other-500
2080,7331,F,train-other-500
2081,7333,F,train-other-500
2082,7335,F,train-clean-360
2083,7337,F,train-other-500
2084,7338,M,train-other-500
2085,7339,M,train-clean-360
2086,7342,F,train-clean-360
2087,7346,M,train-other-500
2088,7348,F,train-other-500
2089,7354,M,train-other-500
2090,7357,M,train-other-500
2091,7360,F,train-other-500
2092,7367,M,train-clean-100
2093,7376,F,train-other-500
2094,7383,F,train-clean-360
2095,7384,F,train-clean-360
2096,7387,F,train-other-500
2097,7389,M,train-other-500
2098,7391,M,train-other-500
2099,7392,F,train-other-500
2100,7395,F,train-clean-360
2101,7398,F,train-clean-360
2102,7402,M,train-clean-100
2103,7408,M,train-other-500
2104,7416,F,train-clean-360
2105,7423,M,train-other-500
2106,7424,M,train-other-500
2107,7433,F,train-other-500
2108,7434,F,train-clean-360
2109,7436,M,train-other-500
2110,7437,M,train-clean-360
2111,7445,F,train-clean-360
2112,7447,M,train-clean-100
2113,7448,M,train-other-500
2114,7460,M,train-clean-360
2115,7463,M,train-other-500
2116,7467,F,train-other-500
2117,7475,M,train-clean-360
2118,7478,M,train-clean-360
2119,7480,F,train-other-500
2120,7481,F,train-clean-360
2121,7484,M,train-clean-360
2122,7491,F,train-other-500
2123,7492,F,train-other-500
2124,7495,F,train-clean-360
2125,7498,F,train-clean-360
2126,7502,M,train-other-500
2127,7505,M,train-clean-100
2128,7507,F,train-other-500
2129,7510,F,train-other-500
2130,7511,F,train-clean-100
2131,7512,M,train-other-500
2132,7514,F,train-other-500
2133,7515,F,train-clean-360
2134,7517,F,train-clean-100
2135,7518,M,train-clean-360
2136,7520,M,train-clean-360
2137,7522,F,train-other-500
2138,7525,F,train-clean-360
2139,7538,M,train-clean-360
2140,7540,M,train-clean-360
2141,7552,F,train-other-500
2142,7553,M,train-clean-360
2143,7555,F,train-clean-360
2144,7556,M,train-other-500
2145,7558,M,train-clean-360
2146,7559,M,train-other-500
2147,7561,M,train-other-500
2148,7565,M,train-other-500
2149,7569,M,train-clean-360
2150,7584,F,train-other-500
2151,7585,M,train-other-500
2152,7594,F,train-clean-360
2153,7597,F,train-other-500
2154,7601,M,dev-other
2155,7603,M,train-other-500
2156,7607,F,train-other-500
2157,7608,M,train-other-500
2158,7609,F,train-other-500
2159,7618,M,train-other-500
2160,7635,F,train-clean-100
2161,7640,M,train-other-500
2162,7641,M,dev-other
2163,7644,F,train-other-500
2164,7647,M,train-clean-360
2165,7649,F,train-other-500
2166,7654,M,train-other-500
2167,7657,F,train-clean-360
2168,7665,M,train-clean-360
2169,7672,M,train-other-500
2170,7679,F,train-other-500
2171,7683,F,train-other-500
2172,7687,F,train-other-500
2173,7688,M,train-clean-360
2174,7691,M,train-other-500
2175,7697,M,dev-other
2176,7699,F,train-other-500
2177,7700,M,train-other-500
2178,7702,F,train-other-500
2179,7704,M,train-clean-360
2180,7705,M,train-clean-360
2181,7708,F,train-other-500
2182,7713,M,train-other-500
2183,7717,F,train-clean-360
2184,7720,M,train-clean-360
2185,7729,M,test-clean
2186,7730,F,train-clean-360
2187,7732,M,train-clean-360
2188,7733,F,train-clean-360
2189,7737,F,train-other-500
2190,7739,F,train-clean-360
2191,7746,M,train-other-500
2192,7749,M,train-other-500
2193,7752,F,train-clean-360
2194,7754,F,train-clean-360
2195,7756,F,train-other-500
2196,7762,F,train-other-500
2197,7764,M,train-other-500
2198,7766,F,train-clean-360
2199,7769,M,train-other-500
2200,7777,M,train-clean-360
2201,7780,F,train-clean-100
2202,7783,F,train-clean-360
2203,7786,M,train-other-500
2204,7789,F,train-clean-360
2205,7794,F,train-clean-100
2206,7795,M,train-other-500
2207,7796,M,train-other-500
2208,7800,F,train-clean-100
2209,7802,F,train-clean-360
2210,7809,M,train-clean-360
2211,7816,F,train-clean-360
2212,7823,M,train-other-500
2213,7825,M,train-clean-360
2214,7826,M,train-other-500
2215,7828,M,train-clean-360
2216,7832,M,train-clean-360
2217,7833,M,train-clean-360
2218,7835,M,train-other-500
2219,7837,M,train-clean-360
2220,7839,F,train-other-500
2221,7843,F,train-other-500
2222,7848,M,train-other-500
2223,7850,F,dev-clean
2224,7859,F,train-clean-100
2225,7867,M,train-clean-360
2226,7868,F,train-clean-360
2227,7871,M,train-other-500
2228,7874,M,train-clean-360
2229,7879,F,train-other-500
2230,7881,M,train-clean-360
2231,7883,F,train-other-500
2232,7886,F,train-other-500
2233,7892,F,train-other-500
2234,7898,F,train-other-500
2235,7902,M,test-other
2236,7909,M,train-clean-360
2237,7910,F,train-clean-360
2238,7912,M,train-other-500
2239,7923,M,train-other-500
2240,7925,F,train-other-500
2241,7926,M,train-clean-360
2242,7932,F,train-clean-360
2243,7933,F,train-clean-360
2244,7938,M,train-clean-360
2245,7939,M,train-clean-360
2246,7942,M,train-other-500
2247,7945,F,train-clean-360
2248,7946,F,train-other-500
2249,7949,M,train-clean-360
2250,7956,M,train-clean-360
2251,7957,M,train-clean-360
2252,7959,F,train-clean-360
2253,7962,F,train-clean-360
2254,7967,F,train-clean-360
2255,7975,M,test-other
2256,7976,M,dev-clean
2257,7981,M,train-clean-360
2258,7982,F,train-clean-360
2259,7988,M,train-other-500
2260,7991,M,train-clean-360
2261,7994,F,train-clean-360
2262,7995,F,train-clean-360
2263,7997,M,train-other-500
2264,8005,F,train-other-500
2265,8006,M,train-clean-360
2266,8008,M,train-clean-360
2267,8009,F,train-other-500
2268,8011,M,train-clean-360
2269,8012,F,train-other-500
2270,8014,F,train-clean-100
2271,8015,F,train-other-500
2272,8023,M,train-other-500
2273,8028,M,train-clean-360
2274,8033,M,train-other-500
2275,8040,F,train-other-500
2276,8042,M,train-other-500
2277,8044,F,train-other-500
2278,8050,M,train-clean-360
2279,8051,F,train-clean-100
2280,8057,F,train-clean-360
2281,8058,M,train-other-500
2282,8063,M,train-clean-100
2283,8066,M,train-clean-360
2284,8071,F,train-other-500
2285,8072,F,train-other-500
2286,8075,F,train-clean-360
2287,8080,F,train-clean-360
2288,8087,M,train-other-500
2289,8088,M,train-clean-100
2290,8095,M,train-clean-100
2291,8097,F,train-clean-360
2292,8098,M,train-clean-100
2293,8108,M,train-clean-100
2294,8112,F,train-other-500
2295,8113,F,train-clean-360
2296,8118,F,train-clean-360
2297,8119,M,train-clean-360
2298,8123,F,train-clean-100
2299,8131,M,test-other
2300,8138,M,train-clean-360
2301,8142,M,train-clean-360
2302,8143,M,train-other-500
2303,8148,F,train-other-500
2304,8152,M,train-clean-360
2305,8156,F,train-other-500
2306,8163,F,train-clean-360
2307,8164,M,train-other-500
2308,8168,F,train-other-500
2309,8169,M,train-other-500
2310,8172,M,train-other-500
2311,8173,F,dev-other
2312,8176,M,train-clean-360
2313,8180,F,train-other-500
2314,8183,F,train-clean-360
2315,8188,M,test-other
2316,8190,F,train-clean-360
2317,8193,F,train-clean-360
2318,8194,F,train-clean-360
2319,8195,M,train-clean-360
2320,8197,F,train-other-500
2321,8199,F,train-other-500
2322,8200,M,train-other-500
2323,8208,M,train-other-500
2324,8215,M,train-other-500
2325,8222,M,train-clean-360
2326,8224,M,test-clean
2327,8225,M,train-clean-360
2328,8226,M,train-clean-100
2329,8228,F,train-clean-360
2330,8230,M,test-clean
2331,8238,F,train-clean-100
2332,8240,F,train-other-500
2333,8242,F,train-other-500
2334,8245,M,train-other-500
2335,8246,M,train-other-500
2336,8250,M,train-other-500
2337,8254,F,dev-other
2338,8259,F,train-other-500
2339,8262,M,train-other-500
2340,8266,M,train-clean-360
2341,8272,F,train-other-500
2342,8273,M,train-other-500
2343,8280,F,test-other
2344,8288,M,dev-other
2345,8291,M,train-other-500
2346,8295,F,train-other-500
2347,8296,F,train-other-500
2348,8297,M,dev-clean
2349,8300,F,train-clean-360
2350,8302,F,train-other-500
2351,8307,M,train-other-500
2352,8312,F,train-clean-100
2353,8316,M,train-other-500
2354,8321,F,train-other-500
2355,8322,M,train-other-500
2356,8324,F,train-clean-100
2357,8328,M,train-other-500
2358,8329,F,train-clean-360
2359,8334,M,train-other-500
2360,8337,F,train-other-500
2361,8346,M,train-other-500
2362,8347,M,train-clean-360
2363,8356,M,train-other-500
2364,8367,M,train-other-500
2365,8382,F,train-other-500
2366,8388,F,train-clean-360
2367,8389,M,train-other-500
2368,8392,F,train-other-500
2369,8394,M,train-other-500
2370,8396,M,train-clean-360
2371,8401,M,train-clean-360
2372,8404,F,train-clean-360
2373,8410,F,train-clean-360
2374,8413,M,train-other-500
2375,8414,F,train-other-500
2376,8415,F,train-other-500
2377,8419,M,train-clean-100
2378,8421,F,train-clean-360
2379,8422,M,train-other-500
2380,8424,F,train-other-500
2381,8425,M,train-clean-100
2382,8430,F,train-other-500
2383,8432,F,train-other-500
2384,8441,F,train-other-500
2385,8443,F,train-other-500
2386,8444,M,train-other-500
2387,8445,M,train-other-500
2388,8447,F,train-other-500
2389,8455,M,test-clean
2390,8459,M,train-clean-360
2391,8461,F,test-other
2392,8463,F,test-clean
2393,8464,M,train-clean-360
2394,8465,F,train-clean-100
2395,8466,M,train-other-500
2396,8468,F,train-clean-100
2397,8470,F,train-other-500
2398,8474,M,train-clean-360
2399,8476,F,train-other-500
2400,8479,M,train-clean-360
2401,8490,M,train-clean-360
2402,8494,M,train-clean-360
2403,8498,M,train-clean-360
2404,8499,M,train-other-500
2405,8500,M,train-other-500
2406,8506,F,train-clean-360
2407,8527,M,train-clean-360
2408,8531,M,train-other-500
2409,8534,M,train-clean-360
2410,8536,M,train-other-500
2411,8543,F,train-other-500
2412,8544,F,train-other-500
2413,8545,F,train-clean-360
2414,8555,F,test-clean
2415,8565,M,train-other-500
2416,8573,F,train-clean-360
2417,8575,M,train-clean-360
2418,8576,M,train-other-500
2419,8580,M,train-clean-100
2420,8587,M,train-other-500
2421,8590,M,train-other-500
2422,8591,F,train-clean-360
2423,8592,M,train-clean-360
2424,8605,F,train-clean-360
2425,8609,M,train-clean-100
2426,8619,M,train-clean-360
2427,8625,F,train-other-500
2428,8629,M,train-clean-100
2429,8630,M,train-clean-100
2430,8631,M,train-other-500
2431,8632,M,train-other-500
2432,8635,M,train-clean-360
2433,8643,M,train-clean-360
2434,8644,F,train-other-500
2435,8664,F,train-other-500
2436,8666,M,train-other-500
2437,8671,M,train-other-500
2438,8675,M,train-other-500
2439,8677,F,train-clean-360
2440,8678,F,train-other-500
2441,8684,F,train-clean-360
2442,8687,M,train-clean-360
2443,8699,F,train-clean-360
2444,8705,M,train-clean-360
2445,8710,M,train-other-500
2446,8713,M,train-clean-360
2447,8718,F,train-clean-360
2448,8722,F,train-clean-360
2449,8725,M,train-clean-360
2450,8742,M,train-clean-360
2451,8747,M,train-clean-100
2452,8753,M,train-other-500
2453,8758,M,train-clean-360
2454,8765,M,train-other-500
2455,8770,M,train-clean-100
2456,8771,F,train-clean-360
2457,8772,M,train-clean-360
2458,8776,F,train-clean-360
2459,8778,F,train-other-500
2460,8786,M,train-clean-360
2461,8791,M,train-clean-360
2462,8797,M,train-clean-100
2463,8799,M,train-other-500
2464,8803,M,train-other-500
2465,8808,M,train-other-500
2466,8820,M,train-clean-360
2467,8824,M,train-clean-360
2468,8825,F,train-clean-360
2469,8838,M,train-clean-100
2470,8842,F,dev-clean
2471,8846,F,train-other-500
2472,8848,M,train-clean-360
2473,8855,M,train-clean-360
2474,8867,F,train-other-500
2475,8875,M,train-clean-360
2476,8879,M,train-clean-360
2477,8887,M,train-clean-360
2478,8897,F,train-other-500
2479,8975,F,train-clean-100
2480,9000,M,train-other-500
2481,9022,F,train-clean-360
2482,9023,F,train-clean-360
2483,9026,F,train-clean-360
